Date,SPY,TLT,GLD,UUP
2020-01-02,296.89,114.17,143.95,22.47
2020-01-03,294.64,115.92,145.86,22.49
2020-01-06,295.76,115.27,147.39,22.44
2020-01-07,294.93,114.7,147.97,22.52
2020-01-08,296.5,113.94,146.86,22.58
2020-01-09,298.51,114.34,146.03,22.62
2020-01-10,297.66,115.36,146.91,22.6
2020-01-13,299.7,115.01,145.82,22.6
2020-01-14,299.25,115.6,145.69,22.61
2020-01-15,299.92,116.37,146.54,22.58
2020-01-16,302.42,116.0,146.31,22.61
2020-01-17,303.36,115.01,146.58,22.69
2020-01-21,302.76,116.22,146.74,22.67
2020-01-22,302.8,116.62,146.79,22.66
2020-01-23,303.15,117.44,147.12,22.72
2020-01-24,300.45,118.39,147.98,22.75
2020-01-27,295.64,120.23,148.99,22.79
2020-01-28,298.73,119.29,147.66,22.79
2020-01-29,298.49,120.46,148.46,22.82
2020-01-30,299.46,120.47,148.47,22.75
2020-01-31,294.02,121.57,149.33,22.66
2020-02-03,296.2,121.48,148.36,22.77
2020-02-04,300.72,119.84,146.43,22.8
2020-02-05,304.19,118.53,146.61,22.89
2020-02-06,305.21,119.06,147.4,22.93
2020-02-07,303.59,120.55,147.79,22.98
2020-02-10,305.85,120.88,148.17,23.02
2020-02-11,306.38,120.27,147.66,22.99
2020-02-12,308.36,119.66,147.54,23.05
2020-02-13,308.03,120.12,148.38,23.08
2020-02-14,308.52,120.65,149.0,23.07
2020-02-18,307.73,121.48,150.91,23.16
2020-02-19,309.2,121.47,151.79,23.2
2020-02-20,307.93,122.42,152.41,23.27
2020-02-21,304.76,123.56,154.7,23.13
2020-02-24,294.65,125.41,156.09,23.14
2020-02-25,285.72,126.07,153.3,23.07
2020-02-26,284.67,125.41,153.97,23.09
2020-02-27,271.88,126.77,154.0,22.95
2020-02-28,270.74,129.63,148.38,22.87
2020-03-02,282.47,128.68,149.2,22.75
2020-03-03,274.38,130.67,153.89,22.66
2020-03-04,285.91,129.29,154.16,22.73
2020-03-05,276.41,132.5,157.49,22.56
2020-03-06,271.84,139.4,157.55,22.43
2020-03-09,250.61,143.18,157.81,22.19
2020-03-10,263.58,135.84,154.48,22.52
2020-03-11,250.73,130.84,153.93,22.55
2020-03-12,226.74,131.65,147.79,22.79
2020-03-13,246.12,128.68,143.28,23.66
2020-03-16,219.19,137.01,141.64,22.9
2020-03-17,231.03,127.87,143.56,23.3
2020-03-18,219.33,120.66,140.7,23.66
2020-03-19,219.79,123.95,138.04,24.22
2020-03-20,210.32,133.27,140.11,24.15
2020-03-23,204.94,138.76,146.3,24.11
2020-03-24,223.51,136.17,153.4,23.84
2020-03-25,226.86,135.87,151.3,23.61
2020-03-26,240.11,136.53,153.24,23.23
2020-03-27,232.95,140.18,152.25,23.04
2020-03-30,240.52,139.02,152.92,23.15
2020-03-31,236.93,137.9,148.05,23.13
2020-04-01,226.27,139.83,149.45,23.28
2020-04-02,231.49,140.72,151.9,23.4
2020-04-03,228.15,141.05,152.65,23.53
2020-04-06,243.47,140.68,156.88,23.54
2020-04-07,243.72,139.21,156.04,23.32
2020-04-08,251.9,138.2,154.65,23.41
2020-04-09,255.73,138.45,158.69,23.23
2020-04-13,253.4,137.18,161.41,23.2
2020-04-14,260.87,137.15,162.68,23.07
2020-04-15,255.33,140.78,161.85,23.24
2020-04-16,256.56,142.38,161.71,23.35
2020-04-17,263.49,140.47,158.57,23.29
2020-04-20,258.85,141.6,159.7,23.36
2020-04-21,250.99,143.39,158.61,23.4
2020-04-22,256.56,141.92,161.73,23.47
2020-04-23,256.54,142.67,163.34,23.48
2020-04-24,260.12,143.01,162.64,23.42
2020-04-27,263.87,140.35,161.56,23.36
2020-04-28,262.65,141.96,160.84,23.34
2020-04-29,269.53,141.23,161.73,23.24
2020-04-30,267.02,139.58,158.8,23.1
2020-05-01,259.95,140.77,159.78,23.12
2020-05-04,260.67,140.11,160.34,23.25
2020-05-05,263.08,139.21,161.02,23.27
2020-05-06,261.29,136.97,158.95,23.38
2020-05-07,264.45,139.26,161.39,23.31
2020-05-08,268.82,137.45,160.42,23.3
2020-05-11,268.88,136.37,159.42,23.39
2020-05-12,263.52,137.77,160.04,23.35
2020-05-13,258.86,138.74,161.58,23.39
2020-05-14,261.96,140.09,163.01,23.41
2020-05-15,263.16,139.73,163.93,23.43
2020-05-18,271.18,136.67,162.69,23.24
2020-05-19,268.39,137.18,164.26,23.22
2020-05-20,272.95,137.59,164.65,23.15
2020-05-21,271.07,137.93,162.25,23.2
2020-05-22,271.58,138.76,163.21,23.27
2020-05-26,274.93,136.9,160.89,23.1
2020-05-27,279.02,136.65,161.18,23.09
2020-05-28,278.5,136.15,161.72,22.97
2020-05-29,279.74,137.12,162.91,22.93
2020-06-01,280.87,136.2,163.66,22.8
2020-06-02,283.2,135.7,162.6,22.78
2020-06-03,286.97,133.9,159.6,22.64
2020-06-04,286.21,131.96,161.28,22.55
2020-06-05,293.55,131.02,158.01,22.6
2020-06-08,297.1,131.52,159.72,22.54
2020-06-09,294.88,133.01,161.26,22.47
2020-06-10,293.24,134.99,163.57,22.35
2020-06-11,276.33,137.54,162.39,22.58
2020-06-12,279.64,136.21,162.62,22.64
2020-06-15,282.25,136.29,162.33,22.54
2020-06-16,287.69,134.2,162.25,22.61
2020-06-17,286.49,134.75,162.56,22.63
2020-06-18,286.6,136.18,162.24,22.72
2020-06-19,284.96,136.29,164.03,22.74
2020-06-22,286.79,136.3,165.09,22.62
2020-06-23,288.11,135.37,166.48,22.54
2020-06-24,280.76,136.82,165.9,22.65
2020-06-25,283.77,137.22,165.8,22.68
2020-06-26,277.03,138.69,166.54,22.72
2020-06-29,281.1,138.25,166.63,22.72
2020-06-30,284.7,137.58,167.37,22.69
2020-07-01,286.7,137.31,166.62,22.64
2020-07-02,288.28,137.46,166.98,22.66
2020-07-06,292.73,136.89,167.98,22.54
2020-07-07,289.71,138.82,169.04,22.59
2020-07-08,291.92,138.26,170.09,22.47
2020-07-09,290.26,140.46,169.63,22.54
2020-07-10,293.23,139.76,169.19,22.51
2020-07-13,290.69,140.22,169.4,22.47
2020-07-14,294.45,140.42,170.19,22.43
2020-07-15,297.16,139.77,170.34,22.37
2020-07-16,296.18,140.43,168.73,22.45
2020-07-17,297.04,140.14,170.12,22.35
2020-07-20,299.44,140.48,170.94,22.32
2020-07-21,300.08,140.56,173.0,22.18
2020-07-22,301.79,140.98,175.63,22.12
2020-07-23,298.18,142.63,177.18,22.08
2020-07-24,296.26,142.62,178.7,21.98
2020-07-27,298.42,142.09,182.23,21.82
2020-07-28,296.53,143.08,183.75,21.85
2020-07-29,300.18,142.83,185.13,21.75
2020-07-30,299.11,143.77,183.76,21.66
2020-07-31,301.47,143.68,185.43,21.79
2020-08-03,303.57,142.96,185.64,21.79
2020-08-04,304.74,144.32,189.59,21.72
2020-08-05,306.63,143.06,191.35,21.62
2020-08-06,308.68,143.86,193.89,21.62
2020-08-07,308.9,142.9,190.81,21.75
2020-08-10,309.83,142.26,190.15,21.79
2020-08-11,307.27,140.57,179.94,21.82
2020-08-12,311.55,139.29,179.1,21.75
2020-08-13,310.99,137.8,183.33,21.74
2020-08-14,311.0,137.26,182.54,21.71
2020-08-17,311.99,137.61,186.5,21.61
2020-08-18,312.66,138.59,188.18,21.49
2020-08-19,311.36,137.73,182.24,21.66
2020-08-20,312.33,138.97,183.5,21.6
2020-08-21,313.44,139.8,182.03,21.71
2020-08-24,316.61,139.58,181.0,21.74
2020-08-25,317.72,138.51,181.22,21.66
2020-08-26,320.91,137.98,183.36,21.64
2020-08-27,321.61,135.63,181.24,21.66
2020-08-28,323.69,135.53,184.39,21.49
2020-08-31,322.51,136.43,184.83,21.47
2020-09-01,325.55,137.99,185.05,21.51
2020-09-02,330.26,139.3,182.62,21.59
2020-09-03,318.89,139.7,181.14,21.6
2020-09-04,316.29,137.05,181.64,21.63
2020-09-08,307.65,137.89,181.29,21.74
2020-09-09,313.72,137.52,183.05,21.71
2020-09-10,308.28,138.22,182.46,21.75
2020-09-11,308.43,138.51,182.45,21.71
2020-09-14,312.5,138.5,183.89,21.66
2020-09-15,314.07,138.17,183.45,21.67
2020-09-16,312.83,137.76,183.97,21.7
2020-09-17,310.08,138.18,182.96,21.62
2020-09-18,306.51,137.75,183.2,21.65
2020-09-21,303.1,138.45,179.52,21.8
2020-09-22,306.18,138.34,178.65,21.88
2020-09-23,299.08,138.52,174.79,22.0
2020-09-24,299.88,139.05,175.44,21.97
2020-09-25,304.73,139.05,174.94,22.03
2020-09-28,309.79,138.66,176.7,21.96
2020-09-29,308.1,138.82,178.19,21.85
2020-09-30,310.44,137.49,177.12,21.85
2020-10-01,312.43,137.71,178.7,21.82
2020-10-02,309.46,137.2,178.54,21.87
2020-10-05,314.95,134.52,179.41,21.78
2020-10-06,310.47,135.24,177.3,21.84
2020-10-07,315.88,134.26,177.22,21.81
2020-10-08,318.68,134.98,177.85,21.8
2020-10-09,321.52,134.96,181.08,21.67
2020-10-12,326.7,135.39,180.56,21.65
2020-10-13,324.56,136.36,177.72,21.78
2020-10-14,322.53,136.67,178.27,21.72
2020-10-15,322.13,136.43,178.92,21.83
2020-10-16,321.93,136.05,178.3,21.8
2020-10-19,317.04,135.54,178.39,21.73
2020-10-20,318.31,134.25,179.25,21.66
2020-10-21,317.7,133.78,180.6,21.55
2020-10-22,319.45,132.39,178.83,21.64
2020-10-23,320.53,133.2,178.64,21.59
2020-10-26,314.61,134.44,178.55,21.66
2020-10-27,313.52,135.34,179.02,21.62
2020-10-28,302.81,135.47,176.13,21.76
2020-10-29,305.89,134.16,175.4,21.85
2020-10-30,302.7,132.83,176.2,21.87
2020-11-02,306.09,133.83,177.91,21.9
2020-11-03,311.49,133.05,178.92,21.78
2020-11-04,318.46,135.94,178.82,21.74
2020-11-05,324.67,136.17,182.93,21.54
2020-11-06,324.59,134.53,183.19,21.46
2020-11-09,328.67,131.7,175.08,21.6
2020-11-10,328.19,130.94,175.66,21.6
2020-11-11,330.63,131.41,174.9,21.62
2020-11-12,327.42,133.65,175.96,21.62
2020-11-13,331.95,133.47,177.16,21.58
2020-11-16,336.1,133.15,177.15,21.53
2020-11-17,334.29,134.02,176.5,21.49
2020-11-18,330.27,134.41,175.49,21.5
2020-11-19,331.66,135.1,175.16,21.47
2020-11-20,329.38,136.3,175.69,21.49
2020-11-23,331.36,135.67,172.23,21.53
2020-11-24,336.7,134.32,169.59,21.42
2020-11-25,336.18,133.91,169.51,21.39
2020-11-27,337.12,135.21,167.79,21.35
2020-11-30,335.62,135.04,166.67,21.4
2020-12-01,339.29,133.05,170.18,21.21
2020-12-02,340.01,131.99,171.46,21.18
2020-12-03,339.92,133.06,172.81,21.07
2020-12-04,342.84,131.11,172.32,21.1
2020-12-07,342.14,132.29,174.89,21.13
2020-12-08,343.14,132.92,175.5,21.16
2020-12-09,340.06,132.48,172.5,21.16
2020-12-10,339.95,133.65,172.17,21.1
2020-12-11,339.55,134.12,172.49,21.16
2020-12-14,338.03,133.75,171.54,21.1
2020-12-15,342.6,133.3,173.94,21.03
2020-12-16,343.14,132.95,174.9,21.0
2020-12-17,345.06,132.6,176.74,20.89
2020-12-18,343.68,132.2,176.44,20.91
2020-12-21,342.45,132.72,175.88,20.96
2020-12-22,341.88,133.41,174.49,21.07
2020-12-23,342.18,132.49,175.65,20.97
2020-12-24,343.51,133.01,176.35,20.99
2020-12-28,346.47,133.07,175.71,20.99
2020-12-29,345.8,132.9,176.35,20.92
2020-12-30,346.3,133.19,177.7,20.84
2020-12-31,348.06,133.38,178.36,20.9
2021-01-04,343.32,133.22,182.33,20.91
2021-01-05,345.68,132.23,182.87,20.79
2021-01-06,347.75,129.52,179.9,20.77
2021-01-07,352.92,128.38,179.48,20.89
2021-01-08,354.93,127.96,173.34,20.92
2021-01-11,352.54,127.75,173.0,21.05
2021-01-12,352.61,127.65,174.12,20.94
2021-01-13,353.56,129.09,173.37,21.01
2021-01-14,352.32,127.88,173.28,20.97
2021-01-15,349.75,128.39,171.13,21.1
2021-01-19,352.5,128.8,172.58,21.04
2021-01-20,357.38,128.93,175.39,21.04
2021-01-21,357.7,128.02,175.28,20.94
2021-01-22,356.44,128.44,173.9,20.98
2021-01-25,357.84,129.95,174.05,21.01
2021-01-26,357.28,129.71,173.62,20.95
2021-01-27,348.55,130.04,172.52,21.08
2021-01-28,351.55,129.32,172.68,21.03
2021-01-29,344.51,128.54,172.61,21.05
2021-02-01,350.25,128.69,174.23,21.16
2021-02-02,355.2,127.86,172.11,21.18
2021-02-03,355.48,126.72,171.85,21.17
2021-02-04,359.52,126.38,168.15,21.27
2021-02-05,360.93,125.33,169.81,21.15
2021-02-08,363.54,125.88,171.52,21.14
2021-02-09,363.3,125.97,172.08,21.03
2021-02-10,363.14,126.81,172.71,21.02
2021-02-11,363.73,126.11,171.21,21.01
2021-02-12,365.52,124.55,170.69,21.03
2021-02-16,365.21,122.65,168.24,21.03
2021-02-17,365.29,123.43,166.33,21.11
2021-02-18,363.73,122.93,166.32,21.04
2021-02-19,363.09,121.3,167.01,20.99
2021-02-22,360.3,120.37,169.51,20.93
2021-02-23,360.74,120.03,169.12,20.95
2021-02-24,364.71,119.24,169.0,20.91
2021-02-25,355.92,117.29,165.82,20.98
2021-02-26,354.09,121.17,161.81,21.14
2021-03-01,362.67,119.57,161.53,21.16
2021-03-02,359.84,119.58,162.41,21.08
2021-03-03,355.08,118.28,160.62,21.14
2021-03-04,350.68,117.52,159.04,21.28
2021-03-05,357.13,117.75,159.14,21.35
2021-03-08,355.36,116.83,157.49,21.47
2021-03-09,360.43,118.45,160.84,21.35
2021-03-10,362.67,118.69,161.66,21.32
2021-03-11,366.35,117.83,161.52,21.22
2021-03-12,366.84,115.33,161.49,21.29
2021-03-15,369.03,116.01,162.2,21.33
2021-03-16,368.57,115.54,162.35,21.33
2021-03-17,369.82,114.68,163.51,21.22
2021-03-18,364.44,113.52,162.56,21.35
2021-03-19,363.77,114.22,163.24,21.36
2021-03-22,366.67,115.5,163.0,21.32
2021-03-23,363.79,116.54,161.81,21.45
2021-03-24,361.94,117.17,162.37,21.5
2021-03-25,363.97,116.25,161.78,21.56
2021-03-26,369.84,115.84,162.24,21.54
2021-03-29,369.65,114.86,160.31,21.59
2021-03-30,368.67,115.46,157.57,21.67
2021-03-31,370.17,114.81,159.96,21.66
2021-04-01,374.16,116.72,161.98,21.56
2021-04-05,379.53,116.21,161.92,21.49
2021-04-06,379.31,117.0,163.22,21.44
2021-04-07,379.75,116.18,162.76,21.47
2021-04-08,381.55,117.14,164.51,21.37
2021-04-09,384.32,116.72,163.27,21.39
2021-04-12,384.46,116.67,162.28,21.38
2021-04-13,385.6,117.54,163.43,21.3
2021-04-14,384.29,117.17,162.72,21.28
2021-04-15,388.42,119.13,165.35,21.28
2021-04-16,389.71,118.2,166.35,21.25
2021-04-19,387.8,117.87,165.89,21.13
2021-04-20,384.96,118.41,166.48,21.16
2021-04-21,388.6,118.65,168.13,21.14
2021-04-22,385.05,119.16,167.04,21.2
2021-04-23,389.23,118.88,166.4,21.08
2021-04-26,390.04,118.71,166.84,21.08
2021-04-27,389.96,117.68,166.42,21.09
2021-04-28,389.84,117.75,166.91,21.01
2021-04-29,392.33,117.41,166.22,21.02
2021-04-30,389.75,117.68,165.66,21.19
2021-05-03,390.59,117.75,167.81,21.1
2021-05-04,388.18,118.55,166.58,21.19
2021-05-05,388.3,118.74,167.27,21.18
2021-05-06,391.4,118.94,170.06,21.08
2021-05-07,394.25,118.35,171.59,20.92
2021-05-10,390.35,117.15,172.11,20.92
2021-05-11,386.87,116.49,172.14,20.91
2021-05-12,378.65,115.27,170.43,21.06
2021-05-13,383.19,115.45,171.13,21.03
2021-05-14,389.08,116.52,172.69,20.94
2021-05-17,388.09,116.28,174.7,20.91
2021-05-18,384.74,115.98,175.04,20.82
2021-05-19,383.74,115.7,175.16,20.91
2021-05-20,387.86,116.65,175.96,20.81
2021-05-21,387.55,117.03,176.04,20.88
2021-05-24,391.5,117.46,176.35,20.83
2021-05-25,390.63,118.55,177.95,20.8
2021-05-26,391.4,118.34,177.64,20.88
2021-05-27,391.61,117.87,177.71,20.86
2021-05-28,392.31,117.68,178.38,20.88
2021-06-01,391.96,117.65,177.9,20.85
2021-06-02,392.58,117.93,178.77,20.85
2021-06-03,391.12,117.48,175.27,20.97
2021-06-04,394.7,119.09,177.16,20.9
2021-06-07,394.32,118.73,177.87,20.86
2021-06-08,394.4,119.56,177.32,20.89
2021-06-09,393.81,120.62,176.98,20.91
2021-06-10,395.64,121.34,177.74,20.89
2021-06-11,396.3,121.14,175.74,20.99
2021-06-14,397.19,120.22,174.71,20.97
2021-06-15,396.46,120.07,174.05,20.99
2021-06-16,394.24,119.97,171.11,21.16
2021-06-17,394.11,121.77,165.85,21.33
2021-06-18,388.8,124.06,164.93,21.4
2021-06-21,394.36,121.98,166.95,21.29
2021-06-22,396.47,122.28,166.25,21.26
2021-06-23,395.99,121.96,166.14,21.29
2021-06-24,398.34,122.16,166.04,21.28
2021-06-25,399.75,120.89,166.59,21.29
2021-06-28,400.56,122.13,166.58,21.29
2021-06-29,400.77,122.34,164.83,21.35
2021-06-30,401.11,122.88,165.63,21.41
2021-07-01,403.33,122.89,166.2,21.47
2021-07-02,406.41,123.63,167.29,21.38
2021-07-06,405.67,125.08,168.12,21.46
2021-07-07,407.11,126.19,168.76,21.49
2021-07-08,403.79,126.68,168.65,21.41
2021-07-09,408.1,124.9,169.21,21.35
2021-07-12,409.56,124.74,169.0,21.38
2021-07-13,408.16,123.78,169.22,21.51
2021-07-14,408.77,125.19,171.04,21.41
2021-07-15,407.38,126.57,171.07,21.47
2021-07-16,404.18,126.33,169.41,21.49
2021-07-19,398.21,129.1,169.61,21.53
2021-07-20,403.92,127.86,169.39,21.55
2021-07-21,407.19,126.24,168.76,21.5
2021-07-22,408.04,127.43,169.09,21.53
2021-07-23,412.24,126.58,168.56,21.54
2021-07-26,413.25,126.2,168.16,21.47
2021-07-27,411.37,127.55,168.44,21.43
2021-07-28,411.2,127.56,169.29,21.37
2021-07-29,412.91,126.85,171.17,21.29
2021-07-30,410.9,127.45,169.82,21.35
2021-08-02,410.04,128.59,169.61,21.33
2021-08-03,413.37,128.65,169.49,21.34
2021-08-04,411.34,128.92,169.53,21.37
2021-08-05,413.95,128.26,168.86,21.37
2021-08-06,414.63,126.12,164.64,21.49
2021-08-09,414.29,125.67,161.72,21.54
2021-08-10,414.81,125.09,161.77,21.55
2021-08-11,415.84,125.01,164.0,21.51
2021-08-12,417.09,124.8,164.04,21.54
2021-08-13,417.84,126.78,166.39,21.43
2021-08-16,418.83,127.08,167.22,21.45
2021-08-17,416.08,127.03,166.97,21.58
2021-08-18,411.53,127.46,167.1,21.58
2021-08-19,412.17,128.4,166.61,21.68
2021-08-20,415.45,128.48,166.7,21.66
2021-08-23,419.1,128.4,168.73,21.53
2021-08-24,419.77,127.4,168.65,21.51
2021-08-25,420.65,126.34,167.48,21.49
2021-08-26,418.16,126.69,167.67,21.55
2021-08-27,421.9,127.55,170.19,21.46
2021-08-30,423.76,127.89,169.35,21.46
2021-08-31,423.13,127.01,169.69,21.46
2021-09-01,423.35,127.23,169.7,21.41
2021-09-02,424.66,127.78,169.25,21.36
2021-09-03,424.55,126.62,171.06,21.32
2021-09-07,423.04,125.55,167.71,21.42
2021-09-08,422.52,126.41,167.29,21.46
2021-09-09,420.71,127.94,168.03,21.41
2021-09-10,417.39,126.81,167.18,21.44
2021-09-13,418.46,127.58,167.74,21.44
2021-09-14,416.2,129.12,168.82,21.44
2021-09-15,419.68,128.67,167.83,21.4
2021-09-16,419.02,128.08,164.03,21.49
2021-09-17,414.93,127.47,163.77,21.57
2021-09-20,408.02,129.05,164.94,21.58
2021-09-21,407.63,128.94,166.04,21.56
2021-09-22,411.61,129.71,165.42,21.62
2021-09-23,416.61,126.77,163.51,21.54
2021-09-24,417.29,125.54,163.3,21.6
2021-09-27,416.1,125.07,163.64,21.62
2021-09-28,407.71,123.13,162.05,21.7
2021-09-29,408.4,123.34,161.32,21.85
2021-09-30,403.41,123.32,164.22,21.82
2021-10-01,408.2,124.36,164.59,21.78
2021-10-04,402.94,124.04,165.36,21.71
2021-10-05,407.13,122.85,164.59,21.75
2021-10-06,408.82,123.54,165.03,21.81
2021-10-07,412.36,122.25,164.16,21.8
2021-10-08,411.61,121.39,164.23,21.79
2021-10-11,408.63,121.08,163.92,21.85
2021-10-12,407.62,123.15,164.66,21.87
2021-10-13,409.09,124.35,167.59,21.75
2021-10-14,415.97,124.81,168.0,21.75
2021-10-15,419.14,124.09,165.33,21.72
2021-10-18,420.38,124.67,164.92,21.73
2021-10-19,423.62,122.95,165.45,21.68
2021-10-20,425.28,122.12,166.9,21.65
2021-10-21,426.39,121.97,166.75,21.7
2021-10-22,425.95,123.32,167.77,21.66
2021-10-25,428.24,123.13,168.93,21.69
2021-10-26,428.62,124.15,167.68,21.73
2021-10-27,426.72,126.41,168.12,21.72
2021-10-28,430.84,125.98,168.08,21.6
2021-10-29,431.71,126.36,166.65,21.77
2021-11-01,432.46,125.45,167.52,21.7
2021-11-02,434.2,126.01,167.16,21.75
2021-11-03,436.86,124.71,165.77,21.7
2021-11-04,438.91,126.02,167.65,21.81
2021-11-05,440.44,127.9,169.84,21.79
2021-11-08,440.81,127.66,170.45,21.75
2021-11-09,439.36,129.32,171.29,21.72
2021-11-10,435.82,126.96,173.15,21.96
2021-11-11,435.96,126.77,174.12,22.01
2021-11-12,439.25,126.22,174.45,21.98
2021-11-15,439.4,124.63,174.18,22.1
2021-11-16,441.14,124.31,172.92,22.19
2021-11-17,440.07,125.3,174.5,22.15
2021-11-18,441.57,125.77,173.94,22.09
2021-11-19,440.78,127.1,172.61,22.2
2021-11-22,439.53,125.61,168.74,22.31
2021-11-23,440.12,123.79,167.28,22.3
2021-11-24,441.29,125.78,167.12,22.39
2021-11-26,431.45,128.96,166.85,22.22
2021-11-29,436.74,127.92,166.62,22.26
2021-11-30,428.24,129.86,165.5,22.16
2021-12-01,423.49,130.67,166.16,22.22
2021-12-02,429.97,130.83,165.24,22.22
2021-12-03,426.23,132.39,166.63,22.22
2021-12-06,431.28,130.57,166.22,22.25
2021-12-07,440.2,129.52,166.81,22.26
2021-12-08,441.37,127.28,166.9,22.16
2021-12-09,438.39,127.99,165.88,22.23
2021-12-10,442.51,127.68,166.58,22.2
2021-12-13,438.59,129.57,167.0,22.27
2021-12-14,435.58,129.26,165.44,22.31
2021-12-15,442.38,128.02,166.15,22.28
2021-12-16,438.48,128.07,168.16,22.18
2021-12-17,433.82,129.52,167.8,22.34
2021-12-20,429.2,128.55,167.09,22.31
2021-12-21,436.82,128.06,167.02,22.29
2021-12-22,441.19,128.65,168.59,22.2
2021-12-23,443.94,127.53,168.97,22.18
2021-12-27,450.22,127.84,169.37,22.19
2021-12-28,449.85,127.34,168.64,22.22
2021-12-29,450.43,125.94,168.59,22.16
2021-12-30,449.18,127.0,169.8,22.19
2021-12-31,448.05,127.25,170.96,22.1
2022-01-03,450.64,123.91,168.33,22.23
2022-01-04,450.49,123.39,169.57,22.25
2022-01-05,441.84,122.72,169.06,22.22
2022-01-06,441.43,123.04,166.99,22.24
2022-01-07,439.68,122.16,167.75,22.12
2022-01-10,439.14,122.46,168.26,22.17
2022-01-11,443.14,123.27,170.29,22.08
2022-01-12,444.33,122.8,170.74,21.93
2022-01-13,438.21,123.89,170.16,21.92
2022-01-14,438.39,122.02,169.67,21.98
2022-01-18,430.63,120.3,169.39,22.12
2022-01-19,426.16,121.14,172.08,22.07
2022-01-20,421.44,121.88,171.65,22.14
2022-01-21,413.17,123.33,171.09,22.08
2022-01-24,414.92,122.32,172.03,22.15
2022-01-25,409.85,122.12,172.58,22.16
2022-01-26,408.83,120.65,169.79,22.28
2022-01-27,406.81,122.86,167.6,22.47
2022-01-28,416.91,122.9,167.1,22.46
2022-01-31,424.42,122.27,168.09,22.3
2022-02-01,427.29,121.86,168.23,22.24
2022-02-02,431.44,122.28,168.84,22.16
2022-02-03,421.3,121.32,168.6,22.04
2022-02-04,423.28,119.53,168.86,22.03
2022-02-07,421.92,119.61,170.11,22.04
2022-02-08,425.39,118.81,170.63,22.07
2022-02-09,431.62,119.03,171.21,22.04
2022-02-10,423.86,117.14,170.56,22.08
2022-02-11,415.5,118.88,173.81,22.17
2022-02-14,414.15,117.4,174.74,22.23
2022-02-15,420.83,116.07,173.08,22.15
2022-02-16,421.3,116.76,174.86,22.1
2022-02-17,412.3,117.62,177.25,22.11
2022-02-18,409.63,118.86,177.12,22.17
2022-02-22,405.23,119.17,177.49,22.18
2022-02-23,398.04,117.53,178.29,22.21
2022-02-24,404.03,117.61,177.14,22.39
2022-02-25,412.95,117.69,176.55,22.28
2022-02-28,411.89,120.27,178.38,22.31
2022-03-01,405.62,121.66,181.62,22.48
2022-03-02,413.08,117.5,179.73,22.47
2022-03-03,411.02,118.7,180.8,22.55
2022-03-04,407.68,120.75,183.68,22.72
2022-03-07,395.67,119.83,186.41,22.89
2022-03-08,392.67,118.62,191.51,22.85
2022-03-09,403.19,117.46,185.82,22.62
2022-03-10,401.37,115.77,186.4,22.73
2022-03-11,396.27,116.16,185.09,22.85
2022-03-14,393.37,113.45,182.3,22.85
2022-03-15,402.02,113.25,178.89,22.82
2022-03-16,410.94,114.36,180.01,22.66
2022-03-17,416.08,113.51,180.89,22.6
2022-03-18,420.64,114.9,179.3,22.63
2022-03-21,420.51,112.23,180.67,22.72
2022-03-22,425.44,110.8,179.36,22.71
2022-03-23,419.96,113.22,181.81,22.73
2022-03-24,426.29,112.34,183.13,22.76
2022-03-25,428.37,110.78,182.38,22.77
2022-03-28,431.42,111.73,179.06,22.84
2022-03-29,436.75,112.57,179.14,22.7
2022-03-30,434.06,113.45,180.58,22.58
2022-03-31,427.38,113.72,180.65,22.67
2022-04-01,428.59,114.16,179.5,22.71
2022-04-04,432.26,113.36,180.37,22.81
2022-04-05,426.8,110.8,179.24,22.93
2022-04-06,422.53,109.91,179.66,22.95
2022-04-07,424.66,109.08,180.34,22.99
2022-04-08,423.52,107.9,181.47,22.99
2022-04-11,416.28,106.19,182.37,23.04
2022-04-12,414.74,106.04,183.77,23.12
2022-04-13,419.49,106.26,184.65,23.03
2022-04-14,414.27,104.13,184.04,23.13
2022-04-18,414.44,103.61,184.61,23.22
2022-04-19,421.13,102.83,181.82,23.28
2022-04-20,420.82,104.9,182.71,23.11
2022-04-21,414.52,104.13,182.06,23.18
2022-04-22,403.15,103.47,180.29,23.32
2022-04-25,405.49,104.51,177.05,23.43
2022-04-26,393.74,105.56,177.32,23.58
2022-04-27,394.85,104.21,175.98,23.73
2022-04-28,404.83,104.36,176.93,23.86
2022-04-29,389.86,103.01,176.91,23.77
2022-05-02,392.21,101.22,173.63,23.89
2022-05-03,394.01,101.9,174.09,23.85
2022-05-04,406.01,102.47,175.8,23.65
2022-05-05,391.58,99.66,175.13,23.85
2022-05-06,389.24,98.19,175.42,23.89
2022-05-09,376.78,99.05,172.88,23.9
2022-05-10,377.65,99.95,171.42,23.95
2022-05-11,371.65,101.88,172.82,23.98
2022-05-12,371.26,101.69,170.17,24.18
2022-05-13,380.14,100.19,168.79,24.11
2022-05-16,378.59,100.08,170.4,24.02
2022-05-17,386.38,98.87,169.33,23.82
2022-05-18,370.81,100.98,169.42,23.94
2022-05-19,368.54,101.22,171.91,23.69
2022-05-20,368.7,102.37,172.03,23.74
2022-05-23,375.59,100.69,172.83,23.53
2022-05-24,372.73,102.67,174.13,23.46
2022-05-25,376.02,103.08,173.08,23.54
2022-05-26,383.53,102.61,172.76,23.47
2022-05-27,392.95,102.86,172.85,23.41
2022-05-31,390.74,100.69,171.14,23.46
2022-06-01,387.58,100.57,172.23,23.64
2022-06-02,394.97,100.62,174.35,23.43
2022-06-03,388.48,100.41,172.58,23.54
2022-06-06,389.67,98.55,171.82,23.59
2022-06-07,393.4,99.62,172.94,23.56
2022-06-08,389.13,98.74,172.78,23.63
2022-06-09,379.87,99.07,172.23,23.8
2022-06-10,368.86,98.45,174.54,23.99
2022-06-13,354.85,95.36,169.93,24.23
2022-06-14,353.78,94.16,168.57,24.28
2022-06-15,358.83,95.92,170.77,24.09
2022-06-16,346.95,96.68,172.69,23.85
2022-06-17,347.7,96.99,171.27,24.1
2022-06-21,356.45,95.34,170.63,24.01
2022-06-22,355.81,97.97,171.31,23.98
2022-06-23,359.29,98.77,170.26,24.0
2022-06-24,370.72,97.4,170.09,23.95
2022-06-27,369.3,96.57,169.9,23.91
2022-06-28,361.76,97.02,169.62,24.04
2022-06-29,361.46,98.54,169.49,24.18
2022-06-30,358.52,99.4,168.46,24.1
2022-07-01,362.32,100.42,168.32,24.18
2022-07-05,363.0,101.21,164.75,24.53
2022-07-06,364.23,99.51,162.14,24.64
2022-07-07,369.68,98.64,162.23,24.65
2022-07-08,369.38,97.54,162.3,24.63
2022-07-11,365.16,99.23,161.43,24.91
2022-07-12,361.93,99.82,160.83,24.91
2022-07-13,360.03,100.96,161.6,24.85
2022-07-14,359.15,100.14,159.33,25.03
2022-07-15,366.01,100.7,159.01,24.88
2022-07-18,362.99,99.65,159.16,24.74
2022-07-19,372.8,99.11,159.54,24.59
2022-07-20,375.17,99.37,158.04,24.66
2022-07-21,378.99,101.09,160.27,24.59
2022-07-22,375.48,102.79,160.67,24.55
2022-07-25,375.93,101.78,160.23,24.52
2022-07-26,371.49,101.86,160.04,24.71
2022-07-27,381.13,101.29,161.67,24.5
2022-07-28,385.91,102.1,163.64,24.48
2022-07-29,391.54,101.82,164.1,24.39
2022-08-01,390.38,104.27,165.03,24.29
2022-08-02,387.8,102.07,164.05,24.45
2022-08-03,393.88,103.67,164.45,24.52
2022-08-04,393.61,103.64,167.17,24.36
2022-08-05,392.95,101.17,165.29,24.57
2022-08-08,392.49,102.8,166.69,24.54
2022-08-09,390.93,102.4,167.2,24.51
2022-08-10,399.14,101.73,166.78,24.24
2022-08-11,399.14,99.36,166.34,24.26
2022-08-12,405.9,100.37,167.87,24.35
2022-08-15,407.57,100.28,165.71,24.57
2022-08-16,408.37,100.7,165.42,24.56
2022-08-17,405.47,99.65,164.35,24.6
2022-08-18,406.65,99.8,163.92,24.79
2022-08-19,401.19,98.19,162.72,24.94
2022-08-22,392.83,97.86,161.64,25.15
2022-08-23,391.88,97.32,162.77,25.04
2022-08-24,393.14,96.61,163.25,25.06
2022-08-25,398.69,97.96,163.75,25.02
2022-08-26,385.19,98.69,161.76,25.11
2022-08-29,382.64,97.88,161.86,25.12
2022-08-30,378.44,98.12,160.51,25.11
2022-08-31,375.56,97.18,159.27,25.1
2022-09-01,376.74,95.4,157.87,25.32
2022-09-02,372.77,95.94,159.26,25.33
2022-09-06,371.36,93.57,158.33,25.48
2022-09-07,378.03,95.05,159.94,25.29
2022-09-08,380.51,94.07,158.98,25.35
2022-09-09,386.42,94.28,159.82,25.16
2022-09-12,390.57,93.51,160.63,25.04
2022-09-13,373.59,93.72,158.54,25.38
2022-09-14,375.01,94.05,157.93,25.33
2022-09-15,370.75,93.99,154.98,25.35
2022-09-16,367.93,93.2,155.84,25.35
2022-09-19,370.78,93.42,155.96,25.33
2022-09-20,366.52,92.49,155.07,25.45
2022-09-21,360.13,94.04,155.79,25.7
2022-09-22,357.11,91.63,155.7,25.73
2022-09-23,351.12,92.01,153.01,26.14
2022-09-26,347.65,90.25,151.23,26.43
2022-09-27,346.76,87.87,151.54,26.44
2022-09-28,353.58,90.82,154.69,26.1
2022-09-29,346.2,90.35,154.66,25.99
2022-09-30,340.84,89.18,154.67,25.99
2022-10-03,349.84,90.6,158.43,25.87
2022-10-04,360.68,90.34,160.7,25.52
2022-10-05,359.84,89.48,159.81,25.76
2022-10-06,356.13,88.98,159.63,26.02
2022-10-07,346.2,88.12,157.88,26.12
2022-10-10,343.55,86.75,155.48,26.23
2022-10-11,341.38,87.13,155.16,26.25
2022-10-12,340.25,87.56,155.99,26.25
2022-10-13,349.23,86.72,154.91,26.08
2022-10-14,341.27,86.01,152.98,26.26
2022-10-17,350.04,85.59,153.42,25.99
2022-10-18,354.16,85.79,153.75,25.98
2022-10-19,351.65,84.23,151.69,26.16
2022-10-20,348.7,82.79,151.45,26.18
2022-10-21,357.17,81.3,154.15,25.96
2022-10-24,361.54,80.62,153.65,25.98
2022-10-25,367.32,82.97,154.0,25.7
2022-10-26,364.55,84.17,154.98,25.43
2022-10-27,362.6,85.05,154.74,25.63
2022-10-28,371.23,84.46,153.16,25.67
2022-10-31,368.55,83.86,151.91,25.89
2022-11-01,366.93,84.64,153.46,25.88
2022-11-02,357.73,84.28,152.39,25.99
2022-11-03,354.04,83.82,151.81,26.21
2022-11-04,359.14,82.41,156.47,25.72
2022-11-07,362.57,81.59,155.85,25.57
2022-11-08,364.53,82.48,159.45,25.46
2022-11-09,357.02,82.76,158.65,25.65
2022-11-10,376.64,85.94,163.48,25.06
2022-11-11,380.28,85.62,164.56,24.7
2022-11-14,377.05,85.41,164.92,24.81
2022-11-15,380.27,86.8,165.5,24.73
2022-11-16,377.36,88.69,165.12,24.67
2022-11-17,376.21,87.76,163.92,24.77
2022-11-18,377.92,87.16,162.79,24.84
2022-11-21,376.54,87.52,161.88,25.05
2022-11-22,381.61,88.76,162.07,24.9
2022-11-23,384.02,90.31,163.08,24.64
2022-11-25,383.93,90.01,163.22,24.64
2022-11-28,377.8,90.26,161.93,24.82
2022-11-29,377.15,89.2,162.73,24.86
2022-11-30,389.03,89.86,164.81,24.66
2022-12-01,388.75,92.73,167.84,24.36
2022-12-02,388.3,93.89,167.26,24.34
2022-12-05,381.31,92.58,164.39,24.54
2022-12-06,375.82,93.77,164.84,24.55
2022-12-07,375.18,95.98,166.33,24.48
2022-12-08,378.12,95.72,166.47,24.4
2022-12-09,375.29,93.23,167.06,24.45
2022-12-12,380.7,93.53,165.68,24.47
2022-12-13,383.59,94.43,168.51,24.25
2022-12-14,381.13,94.83,168.1,24.14
2022-12-15,371.81,95.2,165.35,24.36
2022-12-16,367.42,94.14,166.79,24.41
2022-12-19,364.31,92.56,166.32,24.41
2022-12-20,364.8,90.91,169.08,24.25
2022-12-21,370.26,91.14,168.8,24.31
2022-12-22,364.98,91.12,166.76,24.34
2022-12-23,367.08,89.79,167.26,24.33
2022-12-27,365.63,88.01,168.67,24.33
2022-12-28,361.08,87.49,167.91,24.41
2022-12-29,367.58,88.49,168.85,24.26
2022-12-30,366.62,87.5,169.64,24.19
2023-01-03,365.07,89.17,171.06,24.45
2023-01-04,367.89,90.4,172.67,24.36
2023-01-05,363.69,90.77,170.52,24.59
2023-01-06,372.03,92.44,173.71,24.26
2023-01-09,371.82,92.94,174.1,24.12
2023-01-10,374.43,91.4,174.74,24.13
2023-01-11,379.16,92.88,174.62,24.13
2023-01-12,380.54,94.71,176.64,23.9
2023-01-13,382.02,93.82,178.76,23.89
2023-01-17,381.32,93.22,177.59,23.96
2023-01-18,375.3,95.48,177.08,23.96
2023-01-19,372.57,94.88,179.89,23.9
2023-01-20,379.51,93.34,179.29,23.86
2023-01-23,384.06,92.9,179.63,23.9
2023-01-24,383.65,94.24,180.28,23.87
2023-01-25,383.79,94.46,181.11,23.79
2023-01-26,388.01,94.03,179.47,23.86
2023-01-27,388.9,93.79,179.22,23.89
2023-01-30,384.02,93.45,178.76,23.98
2023-01-31,389.67,94.19,179.41,23.93
2023-02-01,393.81,95.32,181.67,23.7
2023-02-02,399.55,95.45,177.9,23.86
2023-02-03,395.3,94.02,173.46,24.17
2023-02-06,392.88,93.32,173.82,24.31
2023-02-07,398.02,92.58,173.98,24.26
2023-02-08,393.67,93.02,174.41,24.29
2023-02-09,390.26,92.13,173.03,24.26
2023-02-10,391.17,91.1,173.36,24.33
2023-02-13,395.76,91.87,172.48,24.26
2023-02-14,395.58,91.66,172.61,24.25
2023-02-15,396.86,90.8,170.89,24.41
2023-02-16,391.4,89.52,170.75,24.45
2023-02-17,390.42,90.21,171.26,24.43
2023-02-21,382.59,88.46,170.62,24.51
2023-02-22,382.06,89.27,169.66,24.59
2023-02-23,384.09,90.14,169.57,24.59
2023-02-24,379.99,88.97,168.35,24.78
2023-02-27,381.28,89.22,169.01,24.65
2023-02-28,379.87,89.62,169.78,24.72
2023-03-01,378.42,88.66,170.76,24.59
2023-03-02,381.36,87.87,170.66,24.72
2023-03-03,387.48,90.0,172.49,24.62
2023-03-06,387.74,89.31,171.62,24.59
2023-03-07,381.8,89.85,168.62,24.89
2023-03-08,382.42,89.94,168.54,24.88
2023-03-09,375.37,90.16,170.2,24.81
2023-03-10,369.95,93.27,173.87,24.66
2023-03-13,369.42,93.48,177.86,24.43
2023-03-14,375.53,91.95,176.83,24.43
2023-03-15,373.18,93.72,178.21,24.69
2023-03-16,379.73,92.99,178.57,24.66
2023-03-17,375.29,94.38,183.77,24.53
2023-03-20,378.9,93.55,183.84,24.39
2023-03-21,383.87,92.75,180.37,24.38
2023-03-22,377.33,93.99,183.44,24.19
2023-03-23,378.35,93.99,185.74,24.23
2023-03-24,380.83,94.38,183.65,24.38
2023-03-27,381.54,92.17,181.95,24.3
2023-03-28,380.69,92.34,183.44,24.21
2023-03-29,386.22,92.15,182.53,24.27
2023-03-30,388.48,92.57,184.18,24.16
2023-03-31,393.96,93.96,183.22,24.25
2023-04-03,395.46,94.4,184.54,24.13
2023-04-04,393.27,94.87,187.98,24.04
2023-04-05,392.24,95.86,187.83,24.11
2023-04-06,393.77,96.11,186.49,24.13
2023-04-10,394.17,94.56,185.11,24.26
2023-04-11,394.28,94.76,186.28,24.18
2023-04-12,392.67,94.66,187.19,24.05
2023-04-13,397.88,93.92,189.72,23.93
2023-04-14,396.91,93.06,186.36,24.07
2023-04-17,398.34,91.95,185.53,24.19
2023-04-18,398.6,92.28,186.25,24.11
2023-04-19,398.53,92.19,185.36,24.16
2023-04-20,396.35,92.98,186.09,24.16
2023-04-21,396.66,92.45,184.25,24.13
2023-04-24,397.08,93.35,184.81,24.06
2023-04-25,390.77,94.72,185.75,24.17
2023-04-26,389.12,93.71,184.74,24.09
2023-04-27,396.86,92.78,184.75,24.1
2023-04-28,400.25,94.28,184.8,24.13
2023-05-01,399.85,91.56,183.97,24.26
2023-05-02,395.35,93.84,187.52,24.19
2023-05-03,392.64,94.37,189.11,24.06
2023-05-04,389.86,93.43,190.44,24.09
2023-05-05,397.08,93.12,187.46,24.06
2023-05-08,397.18,91.82,187.69,24.09
2023-05-09,395.44,91.49,189.02,24.17
2023-05-10,397.29,92.38,188.75,24.13
2023-05-11,396.6,93.35,187.13,24.28
2023-05-12,396.08,92.57,186.81,24.44
2023-05-15,397.44,91.61,187.21,24.37
2023-05-16,394.79,91.34,184.87,24.43
2023-05-17,399.58,91.07,184.23,24.47
2023-05-18,403.43,90.4,181.84,24.66
2023-05-19,402.84,89.76,183.64,24.59
2023-05-22,403.0,89.44,183.21,24.6
2023-05-23,398.48,89.7,183.43,24.67
2023-05-24,395.59,89.25,181.95,24.76
2023-05-25,399.02,89.03,180.2,24.87
2023-05-26,404.19,89.75,180.92,24.86
2023-05-30,404.34,90.65,182.04,24.84
2023-05-31,402.1,91.44,182.32,24.88
2023-06-01,405.92,91.79,183.76,24.59
2023-06-02,411.79,90.79,181.05,24.85
2023-06-05,411.0,90.62,182.14,24.8
2023-06-06,411.9,91.15,182.34,24.88
2023-06-07,410.47,89.8,180.15,24.89
2023-06-08,412.95,90.85,182.53,24.69
2023-06-09,413.7,90.73,182.04,24.77
2023-06-12,417.45,90.99,181.88,24.78
2023-06-13,420.2,90.09,180.54,24.7
2023-06-14,420.7,90.82,180.64,24.58
2023-06-15,425.92,91.69,181.91,24.44
2023-06-16,424.47,91.33,181.63,24.48
2023-06-20,422.26,91.96,179.75,24.55
2023-06-21,420.1,92.19,179.49,24.44
2023-06-22,421.62,91.07,177.71,24.53
2023-06-23,418.43,91.98,178.2,24.66
2023-06-26,416.72,92.08,178.51,24.63
2023-06-27,421.29,91.84,177.69,24.57
2023-06-28,421.5,92.23,177.28,24.68
2023-06-29,423.16,90.57,177.09,24.79
2023-06-30,428.16,91.63,178.27,24.68
2023-07-03,428.65,91.11,178.47,24.71
2023-07-05,428.01,90.25,177.84,24.82
2023-07-06,424.66,88.97,177.31,24.76
2023-07-07,423.59,88.44,178.64,24.55
2023-07-10,424.66,88.55,178.78,24.49
2023-07-11,427.36,89.01,179.45,24.43
2023-07-12,430.8,90.0,181.88,24.14
2023-07-13,434.22,90.95,182.01,23.98
2023-07-14,433.95,90.41,181.43,24.02
2023-07-17,435.46,90.45,181.56,23.99
2023-07-18,438.69,90.86,183.64,24.01
2023-07-19,439.67,91.89,183.67,24.11
2023-07-20,436.75,90.78,182.74,24.25
2023-07-21,436.75,90.8,182.18,24.32
2023-07-24,438.7,90.47,181.4,24.4
2023-07-25,439.9,90.3,182.41,24.38
2023-07-26,439.97,90.39,183.3,24.31
2023-07-27,437.05,88.63,180.42,24.53
2023-07-28,441.33,89.09,181.86,24.5
2023-07-31,442.17,89.3,182.35,24.54
2023-08-01,440.91,87.84,180.46,24.66
2023-08-02,434.77,86.9,179.6,24.74
2023-08-03,433.53,84.89,179.54,24.73
2023-08-04,431.57,86.4,180.19,24.6
2023-08-07,435.33,85.55,179.78,24.62
2023-08-08,433.44,86.54,178.64,24.73
2023-08-09,430.54,86.99,177.79,24.75
2023-08-10,430.7,85.56,177.6,24.79
2023-08-11,430.44,85.36,177.6,24.85
2023-08-14,432.82,85.17,177.06,24.93
2023-08-15,427.78,84.65,176.59,24.94
2023-08-16,424.64,83.99,175.57,25.01
2023-08-17,421.4,83.63,175.3,25.0
2023-08-18,421.61,83.93,175.33,25.02
2023-08-21,424.35,82.81,175.81,24.99
2023-08-22,423.2,83.44,176.1,25.08
2023-08-23,427.91,85.51,177.89,24.99
2023-08-24,421.98,84.95,177.85,25.19
2023-08-25,424.96,85.23,177.62,25.23
2023-08-28,427.65,85.32,178.13,25.19
2023-08-29,433.83,86.2,179.87,25.05
2023-08-30,435.62,86.11,180.32,25.0
2023-08-31,434.98,86.5,180.02,25.13
2023-09-01,435.8,85.15,180.11,25.28
2023-09-05,433.91,83.96,178.64,25.41
2023-09-06,431.0,84.16,177.83,25.42
2023-09-07,429.67,84.4,178.02,25.48
2023-09-08,430.32,84.72,178.08,25.51
2023-09-11,433.15,84.11,178.41,25.39
2023-09-12,430.77,84.59,177.49,25.43
2023-09-13,431.28,84.57,177.08,25.45
2023-09-14,434.99,83.96,177.17,25.6
2023-09-15,429.75,83.45,178.34,25.59
2023-09-18,430.01,83.93,179.39,25.54
2023-09-19,429.11,83.31,179.22,25.56
2023-09-20,425.17,83.57,179.35,25.6
2023-09-21,418.14,81.42,178.05,25.62
2023-09-22,417.2,82.08,178.62,25.68
2023-09-25,418.96,80.06,177.7,25.78
2023-09-26,412.8,79.78,176.28,25.86
2023-09-27,412.96,79.37,174.1,25.98
2023-09-28,415.36,79.61,173.23,25.84
2023-09-29,414.35,79.62,171.45,25.86
2023-10-02,414.19,78.29,169.65,26.06
2023-10-03,408.64,76.6,169.16,26.08
2023-10-04,411.62,77.68,169.14,26.0
2023-10-05,411.46,77.3,168.83,25.92
2023-10-06,416.35,76.36,169.7,25.86
2023-10-09,419.01,78.15,172.82,25.86
2023-10-10,421.19,78.04,172.53,25.79
2023-10-11,422.92,79.67,173.79,25.79
2023-10-12,420.34,77.51,173.26,26.01
2023-10-13,418.25,78.9,178.83,26.03
2023-10-16,422.65,77.63,177.96,25.92
2023-10-17,422.63,76.77,178.29,25.93
2023-10-18,417.0,76.1,180.87,26.02
2023-10-19,413.33,74.54,183.09,25.94
2023-10-20,408.25,74.96,183.59,25.95
2023-10-23,407.55,75.86,182.97,25.82
2023-10-24,410.62,76.86,182.95,25.97
2023-10-25,404.73,75.15,183.72,26.04
2023-10-26,399.88,76.31,184.01,26.1
2023-10-27,398.07,75.98,186.15,26.06
2023-10-30,402.83,75.64,185.1,25.96
2023-10-31,405.36,75.27,184.09,26.12
2023-11-01,409.68,76.9,183.51,26.13
2023-11-02,417.53,78.65,184.12,25.99
2023-11-03,421.34,79.19,184.79,25.75
2023-11-06,422.31,78.42,183.35,25.78
2023-11-07,423.51,79.58,182.59,25.86
2023-11-08,423.82,80.93,180.77,25.86
2023-11-09,420.52,79.07,181.49,25.97
2023-11-10,427.08,79.51,179.51,25.95
2023-11-13,426.67,79.33,180.51,25.92
2023-11-14,434.95,81.13,182.12,25.51
2023-11-15,435.87,79.99,181.64,25.6
2023-11-16,436.4,80.99,183.69,25.62
2023-11-17,436.95,81.37,183.67,25.48
2023-11-20,440.31,81.86,183.37,25.4
2023-11-21,439.35,81.83,185.35,25.43
2023-11-22,441.05,82.12,184.56,25.52
2023-11-24,441.32,81.15,185.52,25.4
2023-11-27,440.52,82.5,186.77,25.35
2023-11-28,440.96,82.67,189.26,25.26
2023-11-29,440.65,83.71,189.54,25.29
2023-11-30,442.38,82.74,188.75,25.47
2023-12-01,445.0,84.3,192.01,25.39
2023-12-04,442.66,83.96,187.86,25.51
2023-12-05,442.58,85.77,187.15,25.6
2023-12-06,440.79,86.91,187.84,25.66
2023-12-07,444.16,86.41,188.15,25.53
2023-12-08,446.07,85.7,185.64,25.62
2023-12-11,447.8,85.52,183.59,25.66
2023-12-12,449.85,85.78,183.49,25.59
2023-12-13,456.05,87.79,187.63,25.37
2023-12-14,457.51,90.07,188.73,25.13
2023-12-15,456.76,90.17,187.0,25.3
2023-12-18,459.33,89.45,187.85,25.3
2023-12-19,462.12,89.93,189.13,25.18
2023-12-20,455.72,90.54,188.1,25.3
2023-12-21,460.04,89.97,189.43,25.13
2023-12-22,460.96,89.56,190.27,25.12
2023-12-26,462.91,89.82,191.72,25.06
2023-12-27,463.75,91.41,192.59,24.93
2023-12-28,463.92,90.74,191.47,25.02
2023-12-29,462.58,89.93,191.17,25.06
2024-01-02,459.99,89.41,190.72,25.28
2024-01-03,456.23,89.78,189.13,25.36
2024-01-04,454.77,88.42,189.32,25.36
2024-01-05,455.39,87.57,189.35,25.36
2024-01-08,461.89,88.43,187.87,25.31
2024-01-09,461.19,87.87,187.93,25.4
2024-01-10,463.8,87.46,187.5,25.35
2024-01-11,463.59,87.95,187.87,25.37
2024-01-12,463.91,87.78,189.71,25.4
2024-01-16,462.21,86.23,187.91,25.62
2024-01-17,459.64,86.1,185.84,25.64
2024-01-18,463.73,85.3,187.37,25.67
2024-01-19,469.51,85.57,187.93,25.63
2024-01-22,470.5,86.08,187.22,25.64
2024-01-23,471.87,85.4,187.95,25.7
2024-01-24,472.39,84.9,186.4,25.63
2024-01-25,474.96,85.45,187.14,25.7
2024-01-26,474.36,85.29,187.01,25.7
2024-01-29,478.11,86.27,188.33,25.7
2024-01-30,477.74,87.05,188.59,25.68
2024-01-31,469.95,87.91,188.45,25.75
2024-02-01,476.1,89.63,190.41,25.62
2024-02-02,481.11,87.65,188.61,25.85
2024-02-05,479.36,85.88,187.57,25.99
2024-02-06,480.75,86.72,188.55,25.92
2024-02-07,484.76,86.3,188.5,25.89
2024-02-08,484.97,85.8,188.33,25.92
2024-02-09,487.78,85.63,187.6,25.9
2024-02-12,487.56,85.73,187.11,25.92
2024-02-13,480.85,84.26,184.53,26.13
2024-02-14,485.22,84.69,184.42,26.08
2024-02-15,488.56,85.12,185.66,25.98
2024-02-16,486.13,84.63,186.34,25.99
2024-02-20,483.46,84.7,187.47,25.95
2024-02-21,483.89,84.1,187.48,25.92
2024-02-22,493.91,84.51,187.56,25.92
2024-02-23,494.25,85.64,188.62,25.94
2024-02-26,492.44,85.39,188.2,25.9
2024-02-27,493.35,84.79,188.0,25.92
2024-02-28,492.7,85.32,188.34,25.93
2024-02-29,494.47,85.93,189.31,25.99
2024-03-01,499.11,86.46,192.89,25.94
2024-03-04,498.58,86.11,196.01,25.94
2024-03-05,493.6,87.34,197.19,25.92
2024-03-06,496.1,87.85,198.81,25.82
2024-03-07,501.02,87.77,199.94,25.69
2024-03-08,498.01,87.62,201.63,25.7
2024-03-11,497.59,87.57,202.0,25.73
2024-03-12,502.94,86.84,199.79,25.75
2024-03-13,502.15,86.42,201.19,25.72
2024-03-14,501.16,85.09,200.35,25.86
2024-03-15,497.72,85.06,199.71,25.89
2024-03-18,500.68,84.81,200.03,25.94
2024-03-19,503.46,85.04,199.8,26.01
2024-03-20,508.11,85.02,202.18,25.89
2024-03-21,509.79,85.2,201.97,26.06
2024-03-22,508.83,86.01,200.35,26.2
2024-03-25,507.42,85.58,200.99,26.14
2024-03-26,506.48,85.82,201.64,26.16
2024-03-27,510.74,86.67,203.1,26.17
2024-03-28,510.64,86.6,205.72,26.25
2024-04-01,509.75,84.99,207.82,26.35
2024-04-02,506.51,84.52,210.89,26.31
2024-04-03,507.07,84.5,212.74,26.19
2024-04-04,500.88,85.1,211.52,26.19
2024-04-05,506.11,83.92,215.14,26.22
2024-04-08,506.4,83.91,216.48,26.18
2024-04-09,506.98,84.69,217.67,26.17
2024-04-10,501.91,82.85,215.61,26.45
2024-04-11,505.69,82.47,219.8,26.47
2024-04-12,498.71,82.91,216.89,26.68
2024-04-15,492.46,81.62,220.95,26.73
2024-04-16,491.57,81.08,221.22,26.77
2024-04-17,488.66,81.98,219.59,26.68
2024-04-18,487.65,81.57,220.34,26.74
2024-04-19,483.4,81.86,221.03,26.74
2024-04-22,487.85,81.73,215.57,26.75
2024-04-23,493.64,81.75,215.04,26.64
2024-04-24,493.4,81.17,214.64,26.66
2024-04-25,491.53,80.61,215.92,26.61
2024-04-26,496.18,81.03,216.62,26.73
2024-04-29,497.94,81.71,216.18,26.65
2024-04-30,490.05,81.01,211.87,26.81
2024-05-01,488.46,81.61,213.79,26.79
2024-05-02,493.03,81.96,213.13,26.58
2024-05-03,499.14,82.79,212.96,26.51
2024-05-06,504.3,83.11,215.2,26.54
2024-05-07,504.85,83.62,214.21,26.61
2024-05-08,504.9,83.11,213.58,26.65
2024-05-09,507.81,83.51,216.95,26.55
2024-05-10,508.47,83.04,218.71,26.59
2024-05-13,508.53,83.26,216.26,26.58
2024-05-14,510.87,83.73,218.09,26.53
2024-05-15,517.19,84.87,220.89,26.36
2024-05-16,516.13,84.79,220.03,26.42
2024-05-17,516.87,84.21,223.66,26.42
2024-05-20,517.47,83.97,224.56,26.46
2024-05-21,518.74,84.4,224.23,26.46
2024-05-22,517.24,84.5,220.11,26.54
2024-05-23,513.46,83.96,215.72,26.6
2024-05-24,516.86,84.2,215.92,26.52
2024-05-28,517.22,83.0,218.19,26.48
2024-05-29,513.6,81.99,216.16,26.63
2024-05-30,510.19,82.79,216.57,26.54
2024-05-31,514.84,83.35,215.3,26.53
2024-06-03,515.26,84.7,217.22,26.39
2024-06-04,515.84,85.69,215.27,26.4
2024-06-05,521.97,86.31,217.82,26.43
2024-06-06,521.96,86.18,219.43,26.4
2024-06-07,521.32,84.6,211.6,26.62
2024-06-10,522.93,84.04,213.54,26.68
2024-06-11,524.19,84.91,214.15,26.72
2024-06-12,528.5,85.55,214.72,26.6
2024-06-13,529.56,86.8,212.97,26.7
2024-06-14,529.88,87.53,215.73,26.82
2024-06-17,534.1,86.67,214.61,26.76
2024-06-18,535.46,87.46,215.47,26.75
2024-06-20,534.0,86.88,218.16,26.86
2024-06-21,533.29,86.88,214.78,26.92
2024-06-24,531.55,87.23,215.63,26.83
2024-06-25,533.6,87.38,214.56,26.86
2024-06-26,534.27,86.13,212.58,26.99
2024-06-27,535.11,86.47,214.99,26.95
2024-06-28,533.0,84.86,215.01,26.95
2024-07-01,534.1,83.4,215.57,26.96
2024-07-02,537.7,84.05,215.56,26.92
2024-07-03,540.09,85.15,217.99,26.81
2024-07-05,543.21,85.86,220.93,26.72
2024-07-08,543.84,86.04,218.19,26.77
2024-07-09,544.36,85.66,218.56,26.8
2024-07-10,549.75,85.93,219.36,26.78
2024-07-11,545.01,86.76,223.25,26.64
2024-07-12,548.45,87.14,223.11,26.54
2024-07-15,549.96,86.13,223.83,26.59
2024-07-16,553.22,87.35,228.29,26.59
2024-07-17,545.46,87.37,227.23,26.47
2024-07-18,541.27,86.7,225.78,26.59
2024-07-19,537.68,86.19,221.73,26.66
2024-07-22,543.22,85.94,221.8,26.65
2024-07-23,542.37,85.82,222.58,26.69
2024-07-24,530.08,84.89,221.8,26.68
2024-07-25,527.31,85.59,218.33,26.68
2024-07-26,533.22,86.25,220.63,26.66
2024-07-29,533.53,86.72,220.32,26.74
2024-07-30,530.83,87.05,222.52,26.76
2024-07-31,539.46,87.94,226.55,26.61
2024-08-01,531.82,88.7,225.77,26.7
2024-08-02,521.92,91.47,225.34,26.43
2024-08-05,506.72,91.95,222.48,26.29
2024-08-06,511.39,89.89,220.7,26.37
2024-08-07,507.97,89.26,220.55,26.42
2024-08-08,519.71,88.71,224.01,26.46
2024-08-09,522.01,89.59,224.56,26.43
2024-08-12,522.28,89.91,228.41,26.43
2024-08-13,530.87,90.53,228.06,26.29
2024-08-14,532.54,91.1,226.2,26.32
2024-08-15,541.67,90.37,226.91,26.42
2024-08-16,542.89,90.68,231.99,26.29
2024-08-19,548.08,91.1,231.61,26.15
2024-08-20,547.19,91.83,232.46,26.05
2024-08-21,549.07,91.88,232.15,25.97
2024-08-22,544.76,90.97,229.37,26.09
2024-08-23,550.54,91.57,232.02,25.87
2024-08-26,549.23,91.34,232.76,25.92
2024-08-27,549.99,91.18,233.39,25.84
2024-08-28,546.79,91.07,231.75,25.99
2024-08-29,546.84,90.77,232.95,26.08
2024-08-30,552.06,89.8,231.29,26.16
2024-09-03,540.7,91.27,230.29,26.2
2024-09-04,539.6,92.44,230.43,26.07
2024-09-05,538.28,92.97,232.35,26.04
2024-09-06,529.22,92.96,230.63,26.07
2024-09-09,535.15,93.36,231.6,26.18
2024-09-10,537.48,94.01,232.62,26.19
2024-09-11,542.99,93.94,232.25,26.22
2024-09-12,547.57,93.5,236.33,26.11
2024-09-13,550.43,93.75,238.68,26.07
2024-09-16,551.24,94.61,238.66,25.99
2024-09-17,551.47,94.15,237.34,26.07
2024-09-18,549.83,92.99,235.51,26.1
2024-09-19,559.21,92.68,239.17,25.99
2024-09-20,558.25,92.32,242.21,26.04
2024-09-23,559.64,92.13,242.68,26.07
2024-09-24,561.24,92.11,246.07,25.92
2024-09-25,560.0,91.34,245.73,26.1
2024-09-26,562.22,91.56,246.98,25.98
2024-09-27,561.41,92.03,245.02,25.97
2024-09-30,563.66,91.6,243.06,26.07
2024-10-01,558.61,92.26,245.61,26.18
2024-10-02,558.85,91.48,245.66,26.29
2024-10-03,557.82,90.62,245.49,26.38
2024-10-04,562.89,89.5,245.0,26.53
2024-10-07,557.8,88.83,244.17,26.54
2024-10-08,563.08,88.98,242.37,26.54
2024-10-09,566.98,88.47,241.05,26.66
2024-10-10,565.99,88.13,242.82,26.66
2024-10-11,569.38,87.77,245.47,26.67
2024-10-14,574.03,87.84,245.07,26.76
2024-10-15,569.57,88.9,245.92,26.78
2024-10-16,572.05,89.28,247.15,26.85
2024-10-17,572.1,87.86,248.63,26.93
2024-10-18,574.3,87.93,251.27,26.86
2024-10-21,573.36,86.39,251.22,26.98
2024-10-22,573.05,86.48,253.93,27.01
2024-10-23,567.81,86.24,250.87,27.1
2024-10-24,569.04,86.8,252.8,27.0
2024-10-25,568.85,86.31,253.32,27.09
2024-10-28,570.6,86.07,253.33,27.09
2024-10-29,571.53,86.21,256.09,27.1
2024-10-30,569.8,86.46,257.5,27.03
2024-10-31,558.63,86.6,253.51,27.02
2024-11-01,560.99,85.38,252.47,27.13
2024-11-04,559.78,86.7,252.83,27.03
2024-11-05,566.55,87.16,253.4,26.91
2024-11-06,580.63,84.78,245.7,27.35
2024-11-07,585.12,85.84,249.65,27.13
2024-11-08,587.66,86.93,247.96,27.31
2024-11-11,588.22,86.51,242.14,27.47
2024-11-12,586.39,85.21,240.05,27.59
2024-11-13,586.68,84.4,237.63,27.75
2024-11-14,582.9,84.89,237.01,27.86
2024-11-15,575.44,84.66,236.59,27.83
2024-11-18,577.8,84.81,241.09,27.69
2024-11-19,579.91,85.25,243.25,27.68
2024-11-20,580.1,84.97,244.62,27.82
2024-11-21,583.22,84.91,246.66,27.91
2024-11-22,585.03,84.95,249.84,28.06
2024-11-25,587.01,87.15,242.48,27.87
2024-11-26,590.08,86.82,242.95,27.9
2024-11-27,588.29,87.42,243.49,27.66
2024-11-29,591.94,88.32,245.59,27.62
2024-12-02,593.0,88.53,243.44,27.78
2024-12-03,593.28,87.77,243.93,27.78
2024-12-04,596.96,88.71,244.67,27.77
2024-12-05,595.98,88.89,242.86,27.62
2024-12-06,597.11,89.02,242.95,27.69
2024-12-09,594.03,88.2,245.36,27.74
2024-12-10,592.19,87.79,248.59,27.8
2024-12-11,596.77,86.96,250.96,27.9
2024-12-12,593.69,85.9,247.28,27.99
2024-12-13,593.57,85.02,244.29,28.0
2024-12-16,596.11,85.28,244.88,27.95
2024-12-17,593.65,85.49,243.94,27.98
2024-12-18,575.96,84.42,239.26,28.3
2024-12-19,575.78,83.14,239.6,28.36
2024-12-20,582.7,83.61,242.1,28.22
2024-12-23,586.19,82.84,240.96,28.32
2024-12-24,592.7,83.2,241.44,28.4
2024-12-26,592.74,83.15,243.07,28.34
2024-12-27,586.5,82.47,241.4,28.29
2024-12-30,579.81,83.13,240.63,28.32
2024-12-31,577.7,82.68,242.13,28.45
